<mta>
    <script src="gravity_client.lua" type="client" />
    <script src="gravity_server.lua" type="server" />
    <file src="icon.png"></file>
    <file src="38.wav"></file>
    <file src="24.wav"></file>
    <file src="jack123.ghost"></file>
	<file src="alekscore.ghost"></file>
    <file src="txd.txd"></file>
    <script src="models.lua" type="client" />
    <script src="client.lua" type="client" />
    <script src="playback_c.lua" type="client" />
    <script src="playback_c2.lua" type="client" />
    <script src="nametags.lua" type="client" />
    <min_mta_version server="1.3.1" client="1.3.1" />
    <info gamemodes="race" type="map" name="Mr. SDK Gravity Style (Remake)" author="AleksCore" version="1.0.0" description='Remake of &quot;SDK Gravity Fcuk 1&quot;. Suggested by Jack123'></info>
    <map src="race-mrsdkgravitystyle.map" dimension="0"></map>
    <settings>
        <setting name="#skins" value='[ &quot;cj&quot; ]'></setting>
        <setting name="#maxplayers" value="[ 128 ]"></setting>
        <setting name="#useLODs" value="[ false ]"></setting>
        <setting name="#gamespeed" value="[ 1 ]"></setting>
        <setting name="#ghostmode" value='[ &quot;false&quot; ]'></setting>
		<setting name="#ghostmode_checkpoint" value="1" /> 
        <setting name="#time" value="4:30"></setting>
        <setting name="#vehicleweapons" value='[ &quot;false&quot; ]'></setting>
        <setting name="#minplayers" value="[ 0 ]"></setting>
        <setting name="#respawntime" value="[ 5 ]"></setting>
        <setting name="#gravity" value="[ 0.0080000003799796104 ]"></setting>
        <setting name="#waveheight" value="[ 0 ]"></setting>
        <setting name="#weather" value="[ 2 ]"></setting>
        <setting name="#locked_time" value="[ true ]"></setting>
        <setting name="#duration" value="[ 1800 ]"></setting>
        <setting name="#respawn" value='[ &quot;timelimit&quot; ]'></setting>
    </settings>
    <script src="mapEditorScriptingExtension_s.lua" type="server"></script>
    <script src="mapEditorScriptingExtension_c.lua" type="client" validate="false"></script>
</mta>
