<meta>
    <info gamemodes="race" type="map" name="[NTS] Never The Same" author="BinSlayer" description="Each go at this map will be different." version="1.0.0" racemode="nts" mrgreen="2" />
    <map src="neverthesame.map" dimension="0" />
    <settings>
        <setting name="#skins" value='[ &quot;cj&quot; ]' />
        <setting name="#maxplayers" value="[ 128 ]" />
        <setting name="#gamespeed" value="[ 1 ]" />
        <setting name="#time" value="12:0" />
        <setting name="#minplayers" value="[ 0 ]" />
        <setting name="#weather" value="[ 0 ]" />
        <setting name="#gravity" value="[ 0.008000 ]" />
        <setting name="#waveheight" value="[ 0 ]" />
        <setting name="#respawntime" value="1" />
        <setting name="#duration" value="[ 1800 ]" />
        <setting name="#respawn" value='[ &quot;timelimit&quot; ]' />
    </settings>
</meta>
