<meta>
    <info gamemodes="race" type="map" name="[SH] Base by Gregiv" author="Gregiv" version="1.0.0" racemode="shooter" mrgreen="2"></info>
    <map src="SH-Base-by-Gregiv.map" dimension="0"></map>
    <settings>
        <setting name="#skins" value='[ &quot;cj&quot; ]'></setting>
        <setting name="#maxplayers" value="[ 128 ]"></setting>
        <setting name="#useLODs" value="[ false ]"></setting>
        <setting name="#gamespeed" value="[ 1 ]"></setting>
        <setting name="#ghostmode" value='[ &quot;false&quot; ]'></setting>
        <setting name="#time" value="12:0"></setting>
        <setting name="#vehicleweapons" value='[ &quot;false&quot; ]'></setting>
        <setting name="#minplayers" value="[ 0 ]"></setting>
        <setting name="#respawntime" value="[ 5 ]"></setting>
        <setting name="#gravity" value="[ 0.008000 ]"></setting>
        <setting name="#waveheight" value="[ 0 ]"></setting>
        <setting name="#weather" value="[ 15 ]"></setting>
        <setting name="#locked_time" value="[ true ]"></setting>
        <setting name="#duration" value="[ 1800 ]"></setting>
        <setting name="#respawn" value='[ &quot;timelimit&quot; ]'></setting>
    </settings>
    <script src="music.lua" type="client"></script>
    <script src="mapEditorScriptingExtension_s.lua" type="server"></script>
    <script src="mapEditorScriptingExtension_c.lua" type="client" validate="false"></script>
</meta>
